,0,1,2,3,4,5,6,7,8,9,10,11,12,13,14,15,16,17,18,19,20,21,22,23,24,25,26,27,28,29,30,31,32,33,34,35,36,37,38,39,40,41,42,43,44,45,46,47,48,49,50,51,52,53,54,55,56,57,58,59,60,61,62,63,64,65,66,67,68,69,70,71,72,73,74,75,76,77,78,79,80,81,82,83,84,85,86,87,88,89,90,91,92,93,94,95,96,97,98,99,100,101,102,103,104,105,106,107,108,109,110,111,112,113,114,115,116,117,118,119,120,121,122,123,124,125,126,127,128,129,130,131,132,133,134,135,136,137,138,139,140,141,142,143,144,145
0,1306.2713486775153,50.064117592367566,703.356430855772,929.9403863770283,1653.893096287225,440.6779919466401,2230.63502981654,159.53805661231019,106.46910386049008,106.46910386049008,1957.3752837201066,1957.3752837201066,2230.63502981654,106.46910386049008,183.71641107618396,181.81039713136633,3195.944556254769,1306.2713486775153,1306.2713486775153,106.46910386049008,106.46910386049008,159.53805661231019,159.53805661231019,5758.966688228288,20.871475716626016,23.785242025222487,440.6779919466401,1306.2713486775153,2230.63502981654,1306.2713486775153,1306.2713486775153,50.064117592367566,440.6779919466401,1306.2713486775153,106.46910386049008,2824.2461873523025,1306.2713486775153,159.53805661231019,1306.2713486775153,106.46910386049008,1957.3752837201066,1957.3752837201066,1957.3752837201066,1957.3752837201066,1306.2713486775153,134.80240228879413,134.80240228879413,2230.63502981654,1306.2713486775153,1306.2713486775153,1306.2713486775153,106.46910386049008,106.46910386049008,159.53805661231019,159.53805661231019,159.53805661231019,106.46910386049008,1306.2713486775153,2230.63502981654,2230.63502981654,801.5486382007308,440.6779919466401,106.46910386049008,71.7294142449584,71.7294142449584,71.7294142449584,2230.63502981654,230.1933368998965,106.46910386049008,106.46910386049008,5758.966688228288,181.81039713136633,181.81039713136633,1653.893096287225,106.46910386049008,1306.2713486775153,260.48902721226307,1306.2713486775153,1306.2713486775153,1306.2713486775153,2824.2461873523025,2230.63502981654,230.1933368998965,2824.2461873523025,2824.2461873523025,2230.63502981654,134.80240228879413,1957.3752837201066,9834.21464714369,220.71798924617363,2824.2461873523025,2230.63502981654,181.81039713136633,181.81039713136633,1306.2713486775153,2230.63502981654,181.81039713136633,181.81039713136633,1653.893096287225,201.99393540500918,2230.63502981654,230.1933368998965,181.81039713136633,181.81039713136633,1306.2713486775153,2230.63502981654,1306.2713486775153,181.81039713136633,1306.2713486775153,106.46910386049008,469.3910059949203,1306.2713486775153,2230.63502981654,2230.63502981654,2230.63502981654,2824.2461873523025,230.1933368998965,2824.2461873523025,2230.63502981654,2230.63502981654,2230.63502981654,181.81039713136633,9834.21464714369,50.064117592367566,1306.2713486775153,106.46910386049008,1306.2713486775153,201.99393540500918,181.81039713136633,44.386427298859026,557.9501451242468,2230.63502981654,106.46910386049008,106.46910386049008,2824.2461873523025,2230.63502981654,2230.63502981654,1306.2713486775153,1957.3752837201066,5758.966688228288,1957.3752837201066,1306.2713486775153,2230.63502981654,1306.2713486775153,440.6779919466401,106.46910386049008
1,3121.9838039628567,140.02124988224548,244.73997096719899,5469.904743900303,4185.198334484326,590.9867921584,4875.794355567736,153.0506007939511,126.96599576831694,126.96599576831694,3763.381635957173,3763.381635957173,4875.794355567736,126.96599576831694,662.9979080881985,198.29061404175113,8034.163181924283,3121.9838039628567,3121.9838039628567,126.96599576831694,126.96599576831694,153.0506007939511,153.0506007939511,4992.298113031209,157.08269117280338,203.51454438208893,590.9867921584,3121.9838039628567,4875.794355567736,3121.9838039628567,3121.9838039628567,140.02124988224548,590.9867921584,3121.9838039628567,126.96599576831694,6536.281959665458,3121.9838039628567,153.0506007939511,3121.9838039628567,126.96599576831694,3763.381635957173,3763.381635957173,3763.381635957173,3763.381635957173,3121.9838039628567,170.20519880699098,170.20519880699098,4875.794355567736,3121.9838039628567,3121.9838039628567,3121.9838039628567,126.96599576831694,126.96599576831694,153.0506007939511,153.0506007939511,153.0506007939511,126.96599576831694,3121.9838039628567,4875.794355567736,4875.794355567736,317.08231703696924,590.9867921584,126.96599576831694,230.72211181473577,230.72211181473577,230.72211181473577,4875.794355567736,265.81994005798646,126.96599576831694,126.96599576831694,4992.298113031209,198.29061404175113,198.29061404175113,4185.198334484326,126.96599576831694,3121.9838039628567,326.73632940163145,3121.9838039628567,3121.9838039628567,3121.9838039628567,6536.281959665458,4875.794355567736,265.81994005798646,6536.281959665458,6536.281959665458,4875.794355567736,170.20519880699098,3763.381635957173,7796.77938429133,223.9050121541637,6536.281959665458,4875.794355567736,198.29061404175113,198.29061404175113,3121.9838039628567,4875.794355567736,198.29061404175113,198.29061404175113,4185.198334484326,205.17310779178226,4875.794355567736,265.81994005798646,198.29061404175113,198.29061404175113,3121.9838039628567,4875.794355567736,3121.9838039628567,198.29061404175113,3121.9838039628567,126.96599576831694,203.02863207961673,3121.9838039628567,4875.794355567736,4875.794355567736,4875.794355567736,6536.281959665458,265.81994005798646,6536.281959665458,4875.794355567736,4875.794355567736,4875.794355567736,198.29061404175113,7796.77938429133,140.02124988224548,3121.9838039628567,126.96599576831694,3121.9838039628567,205.17310779178226,198.29061404175113,142.4366681449747,792.251687886398,4875.794355567736,126.96599576831694,126.96599576831694,6536.281959665458,4875.794355567736,4875.794355567736,3121.9838039628567,3763.381635957173,4992.298113031209,3763.381635957173,3121.9838039628567,4875.794355567736,3121.9838039628567,590.9867921584,126.96599576831694
2,2894.156235343602,76.85111364302428,196.43455780641287,427.5770933564851,1153.4656557787957,615.2914425305787,3238.961201212737,137.74775626959072,122.8169300592659,122.8169300592659,3245.9981496024193,3245.9981496024193,3238.961201212737,122.8169300592659,81.22497005084196,137.4491350729698,2175.8108611614366,2894.156235343602,2894.156235343602,122.8169300592659,122.8169300592659,137.74775626959072,137.74775626959072,4127.19826230591,10.145158818324166,10.123165287915526,615.2914425305787,2894.156235343602,3238.961201212737,2894.156235343602,2894.156235343602,76.85111364302428,615.2914425305787,2894.156235343602,122.8169300592659,1290.8876377765323,2894.156235343602,137.74775626959072,2894.156235343602,122.8169300592659,3245.9981496024193,3245.9981496024193,3245.9981496024193,3245.9981496024193,2894.156235343602,48.94867424278178,48.94867424278178,3238.961201212737,2894.156235343602,2894.156235343602,2894.156235343602,122.8169300592659,122.8169300592659,137.74775626959072,137.74775626959072,137.74775626959072,122.8169300592659,2894.156235343602,3238.961201212737,3238.961201212737,196.00871041478598,615.2914425305787,122.8169300592659,51.625653216912816,51.625653216912816,51.625653216912816,3238.961201212737,54.7803379745146,122.8169300592659,122.8169300592659,4127.19826230591,137.4491350729698,137.4491350729698,1153.4656557787957,122.8169300592659,2894.156235343602,92.33309767249985,2894.156235343602,2894.156235343602,2894.156235343602,1290.8876377765323,3238.961201212737,54.7803379745146,1290.8876377765323,1290.8876377765323,3238.961201212737,48.94867424278178,3245.9981496024193,4618.905806836791,109.59317911394903,1290.8876377765323,3238.961201212737,137.4491350729698,137.4491350729698,2894.156235343602,3238.961201212737,137.4491350729698,137.4491350729698,1153.4656557787957,54.89935342025432,3238.961201212737,54.7803379745146,137.4491350729698,137.4491350729698,2894.156235343602,3238.961201212737,2894.156235343602,137.4491350729698,2894.156235343602,122.8169300592659,175.1425213788327,2894.156235343602,3238.961201212737,3238.961201212737,3238.961201212737,1290.8876377765323,54.7803379745146,1290.8876377765323,3238.961201212737,3238.961201212737,3238.961201212737,137.4491350729698,4618.905806836791,76.85111364302428,2894.156235343602,122.8169300592659,2894.156235343602,54.89935342025432,137.4491350729698,16.213132145592045,245.2243381288486,3238.961201212737,122.8169300592659,122.8169300592659,1290.8876377765323,3238.961201212737,3238.961201212737,2894.156235343602,3245.9981496024193,4127.19826230591,3245.9981496024193,2894.156235343602,3238.961201212737,2894.156235343602,615.2914425305787,122.8169300592659
3,1402.1933998213424,70.78381129848873,744.2827985089134,6344.7954739779625,5982.069263717991,317.2672539049236,2543.0104480873188,111.7666930820982,79.92791198977122,79.92791198977122,1960.7483225588555,1960.7483225588555,2543.0104480873188,79.92791198977122,791.5798529775672,144.95683356496295,7128.037295855732,1402.1933998213424,1402.1933998213424,79.92791198977122,79.92791198977122,111.7666930820982,111.7666930820982,9337.562013248074,176.60517513616622,229.04969515488676,317.2672539049236,1402.1933998213424,2543.0104480873188,1402.1933998213424,1402.1933998213424,70.78381129848873,317.2672539049236,1402.1933998213424,79.92791198977122,10849.048812207451,1402.1933998213424,111.7666930820982,1402.1933998213424,79.92791198977122,1960.7483225588555,1960.7483225588555,1960.7483225588555,1960.7483225588555,1402.1933998213424,340.9902697360347,340.9902697360347,2543.0104480873188,1402.1933998213424,1402.1933998213424,1402.1933998213424,79.92791198977122,79.92791198977122,111.7666930820982,111.7666930820982,111.7666930820982,79.92791198977122,1402.1933998213424,2543.0104480873188,2543.0104480873188,965.3043744389187,317.2672539049236,79.92791198977122,198.40643881661214,198.40643881661214,198.40643881661214,2543.0104480873188,618.4181288724754,79.92791198977122,79.92791198977122,9337.562013248074,144.95683356496295,144.95683356496295,5982.069263717991,79.92791198977122,1402.1933998213424,406.312808001774,1402.1933998213424,1402.1933998213424,1402.1933998213424,10849.048812207451,2543.0104480873188,618.4181288724754,10849.048812207451,10849.048812207451,2543.0104480873188,340.9902697360347,1960.7483225588555,16934.55251064411,471.3673788636444,10849.048812207451,2543.0104480873188,144.95683356496295,144.95683356496295,1402.1933998213424,2543.0104480873188,144.95683356496295,144.95683356496295,5982.069263717991,476.8215992736877,2543.0104480873188,618.4181288724754,144.95683356496295,144.95683356496295,1402.1933998213424,2543.0104480873188,1402.1933998213424,144.95683356496295,1402.1933998213424,79.92791198977122,532.2602680122553,1402.1933998213424,2543.0104480873188,2543.0104480873188,2543.0104480873188,10849.048812207451,618.4181288724754,10849.048812207451,2543.0104480873188,2543.0104480873188,2543.0104480873188,144.95683356496295,16934.55251064411,70.78381129848873,1402.1933998213424,79.92791198977122,1402.1933998213424,476.8215992736877,144.95683356496295,199.41965028835634,1353.5327496268878,2543.0104480873188,79.92791198977122,79.92791198977122,10849.048812207451,2543.0104480873188,2543.0104480873188,1402.1933998213424,1960.7483225588555,9337.562013248074,1960.7483225588555,1402.1933998213424,2543.0104480873188,1402.1933998213424,317.2672539049236,79.92791198977122
4,4103.675020922508,17.499529097045258,136.6797459218436,725.1319612087,1230.4449811222448,760.7458913114473,4707.678097705293,136.12303236816396,149.96372215722008,149.96372215722008,3724.932134692058,3724.932134692058,4707.678097705293,149.96372215722008,117.17903150961449,172.0362666757179,5085.707621433678,4103.675020922508,4103.675020922508,149.96372215722008,149.96372215722008,136.12303236816396,136.12303236816396,4120.458157944208,2.695483334035622,3.4066306164845552,760.7458913114473,4103.675020922508,4707.678097705293,4103.675020922508,4103.675020922508,17.499529097045258,760.7458913114473,4103.675020922508,149.96372215722008,1411.5491257293636,4103.675020922508,136.12303236816396,4103.675020922508,149.96372215722008,3724.932134692058,3724.932134692058,3724.932134692058,3724.932134692058,4103.675020922508,44.965088204592185,44.965088204592185,4707.678097705293,4103.675020922508,4103.675020922508,4103.675020922508,149.96372215722008,149.96372215722008,136.12303236816396,136.12303236816396,136.12303236816396,149.96372215722008,4103.675020922508,4707.678097705293,4707.678097705293,172.73985753552023,760.7458913114473,149.96372215722008,18.904752332943996,18.904752332943996,18.904752332943996,4707.678097705293,51.58331491233904,149.96372215722008,149.96372215722008,4120.458157944208,172.0362666757179,172.0362666757179,1230.4449811222448,149.96372215722008,4103.675020922508,185.85088751547576,4103.675020922508,4103.675020922508,4103.675020922508,1411.5491257293636,4707.678097705293,51.58331491233904,1411.5491257293636,1411.5491257293636,4707.678097705293,44.965088204592185,3724.932134692058,4726.931475754241,17.571098359512074,1411.5491257293636,4707.678097705293,172.0362666757179,172.0362666757179,4103.675020922508,4707.678097705293,172.0362666757179,172.0362666757179,1230.4449811222448,40.81509893902272,4707.678097705293,51.58331491233904,172.0362666757179,172.0362666757179,4103.675020922508,4707.678097705293,4103.675020922508,172.0362666757179,4103.675020922508,149.96372215722008,150.57704111752187,4103.675020922508,4707.678097705293,4707.678097705293,4707.678097705293,1411.5491257293636,51.58331491233904,1411.5491257293636,4707.678097705293,4707.678097705293,4707.678097705293,172.0362666757179,4726.931475754241,17.499529097045258,4103.675020922508,149.96372215722008,4103.675020922508,40.81509893902272,172.0362666757179,23.099176643158216,228.10187432023147,4707.678097705293,149.96372215722008,149.96372215722008,1411.5491257293636,4707.678097705293,4707.678097705293,4103.675020922508,3724.932134692058,4120.458157944208,3724.932134692058,4103.675020922508,4707.678097705293,4103.675020922508,760.7458913114473,149.96372215722008
5,1573.021931403295,462.97259828083133,187.51584890245653,3020.5603019998184,1705.5404580808006,305.3628182976769,3373.4851765787494,118.96901422668424,68.96460544513756,68.96460544513756,2713.5784701165067,2713.5784701165067,3373.4851765787494,68.96460544513756,273.4165880023736,147.90071869514583,5321.883826706206,1573.021931403295,1573.021931403295,68.96460544513756,68.96460544513756,118.96901422668424,118.96901422668424,2479.356030026773,414.5376600406543,515.3477839985762,305.3628182976769,1573.021931403295,3373.4851765787494,1573.021931403295,1573.021931403295,462.97259828083133,305.3628182976769,1573.021931403295,68.96460544513756,3657.6829213424267,1573.021931403295,118.96901422668424,1573.021931403295,68.96460544513756,2713.5784701165067,2713.5784701165067,2713.5784701165067,2713.5784701165067,1573.021931403295,74.77449768124397,74.77449768124397,3373.4851765787494,1573.021931403295,1573.021931403295,1573.021931403295,68.96460544513756,68.96460544513756,118.96901422668424,118.96901422668424,118.96901422668424,68.96460544513756,1573.021931403295,3373.4851765787494,3373.4851765787494,233.11724485301426,305.3628182976769,68.96460544513756,730.3682257461936,730.3682257461936,730.3682257461936,3373.4851765787494,160.36054836741246,68.96460544513756,68.96460544513756,2479.356030026773,147.90071869514583,147.90071869514583,1705.5404580808006,68.96460544513756,1573.021931403295,233.3226327024137,1573.021931403295,1573.021931403295,1573.021931403295,3657.6829213424267,3373.4851765787494,160.36054836741246,3657.6829213424267,3657.6829213424267,3373.4851765787494,74.77449768124397,2713.5784701165067,5317.199110691901,729.7253015796941,3657.6829213424267,3373.4851765787494,147.90071869514583,147.90071869514583,1573.021931403295,3373.4851765787494,147.90071869514583,147.90071869514583,1705.5404580808006,128.9915054398429,3373.4851765787494,160.36054836741246,147.90071869514583,147.90071869514583,1573.021931403295,3373.4851765787494,1573.021931403295,147.90071869514583,1573.021931403295,68.96460544513756,108.70020751476784,1573.021931403295,3373.4851765787494,3373.4851765787494,3373.4851765787494,3657.6829213424267,160.36054836741246,3657.6829213424267,3373.4851765787494,3373.4851765787494,3373.4851765787494,147.90071869514583,5317.199110691901,462.97259828083133,1573.021931403295,68.96460544513756,1573.021931403295,128.9915054398429,147.90071869514583,61.74971536763183,331.0879718858402,3373.4851765787494,68.96460544513756,68.96460544513756,3657.6829213424267,3373.4851765787494,3373.4851765787494,1573.021931403295,2713.5784701165067,2479.356030026773,2713.5784701165067,1573.021931403295,3373.4851765787494,1573.021931403295,305.3628182976769,68.96460544513756
6,2870.5962671543152,47.81734835445077,892.0927949535321,1908.004772623568,4084.070248493081,642.3292351496505,3879.9298011502774,185.414066334327,160.18694874330515,160.18694874330515,3322.673481658827,3322.673481658827,3879.9298011502774,160.18694874330515,315.8735619128566,216.51045927144673,10224.489250478166,2870.5962671543152,2870.5962671543152,160.18694874330515,160.18694874330515,185.414066334327,185.414066334327,13811.456152044724,23.514788552990645,27.458529818869494,642.3292351496505,2870.5962671543152,3879.9298011502774,2870.5962671543152,2870.5962671543152,47.81734835445077,642.3292351496505,2870.5962671543152,160.18694874330515,5520.074713546505,2870.5962671543152,185.414066334327,2870.5962671543152,160.18694874330515,3322.673481658827,3322.673481658827,3322.673481658827,3322.673481658827,2870.5962671543152,227.90204218023177,227.90204218023177,3879.9298011502774,2870.5962671543152,2870.5962671543152,2870.5962671543152,160.18694874330515,160.18694874330515,185.414066334327,185.414066334327,185.414066334327,160.18694874330515,2870.5962671543152,3879.9298011502774,3879.9298011502774,1041.7085637929247,642.3292351496505,160.18694874330515,126.00948710244855,126.00948710244855,126.00948710244855,3879.9298011502774,308.03493173725167,160.18694874330515,160.18694874330515,13811.456152044724,216.51045927144673,216.51045927144673,4084.070248493081,160.18694874330515,2870.5962671543152,570.5538442424146,2870.5962671543152,2870.5962671543152,2870.5962671543152,5520.074713546505,3879.9298011502774,308.03493173725167,5520.074713546505,5520.074713546505,3879.9298011502774,227.90204218023177,3322.673481658827,18667.71755218685,230.0662122574418,5520.074713546505,3879.9298011502774,216.51045927144673,216.51045927144673,2870.5962671543152,3879.9298011502774,216.51045927144673,216.51045927144673,4084.070248493081,263.793303374849,3879.9298011502774,308.03493173725167,216.51045927144673,216.51045927144673,2870.5962671543152,3879.9298011502774,2870.5962671543152,216.51045927144673,2870.5962671543152,160.18694874330515,770.7161902259455,2870.5962671543152,3879.9298011502774,3879.9298011502774,3879.9298011502774,5520.074713546505,308.03493173725167,5520.074713546505,3879.9298011502774,3879.9298011502774,3879.9298011502774,216.51045927144673,18667.71755218685,47.81734835445077,2870.5962671543152,160.18694874330515,2870.5962671543152,263.793303374849,216.51045927144673,78.77396715363797,913.8581238428753,3879.9298011502774,160.18694874330515,160.18694874330515,5520.074713546505,3879.9298011502774,3879.9298011502774,2870.5962671543152,3322.673481658827,13811.456152044724,3322.673481658827,2870.5962671543152,3879.9298011502774,2870.5962671543152,642.3292351496505,160.18694874330515
7,2094.0859411208307,97.53865397735345,403.0763863178918,7199.63460623057,5732.252583192911,434.5021706633126,3757.3110640143764,140.75550823210116,110.20216805699474,110.20216805699474,2674.66726037294,2674.66726037294,3757.3110640143764,110.20216805699474,832.5786210119115,197.73010132396766,7074.988251789891,2094.0859411208307,2094.0859411208307,110.20216805699474,110.20216805699474,140.75550823210116,140.75550823210116,5996.757103062933,186.9003275630351,262.5532824305728,434.5021706633126,2094.0859411208307,3757.3110640143764,2094.0859411208307,2094.0859411208307,97.53865397735345,434.5021706633126,2094.0859411208307,110.20216805699474,10285.08698216458,2094.0859411208307,140.75550823210116,2094.0859411208307,110.20216805699474,2674.66726037294,2674.66726037294,2674.66726037294,2674.66726037294,2094.0859411208307,301.6622432315528,301.6622432315528,3757.3110640143764,2094.0859411208307,2094.0859411208307,2094.0859411208307,110.20216805699474,110.20216805699474,140.75550823210116,140.75550823210116,140.75550823210116,110.20216805699474,2094.0859411208307,3757.3110640143764,3757.3110640143764,566.2324388507216,434.5021706633126,110.20216805699474,183.66454606179892,183.66454606179892,183.66454606179892,3757.3110640143764,541.2571002136866,110.20216805699474,110.20216805699474,5996.757103062933,197.73010132396766,197.73010132396766,5732.252583192911,110.20216805699474,2094.0859411208307,372.32428192880207,2094.0859411208307,2094.0859411208307,2094.0859411208307,10285.08698216458,3757.3110640143764,541.2571002136866,10285.08698216458,10285.08698216458,3757.3110640143764,301.6622432315528,2674.66726037294,10759.673884007543,279.3178658889347,10285.08698216458,3757.3110640143764,197.73010132396766,197.73010132396766,2094.0859411208307,3757.3110640143764,197.73010132396766,197.73010132396766,5732.252583192911,385.29752280856223,3757.3110640143764,541.2571002136866,197.73010132396766,197.73010132396766,2094.0859411208307,3757.3110640143764,2094.0859411208307,197.73010132396766,2094.0859411208307,110.20216805699474,315.5819066886072,2094.0859411208307,3757.3110640143764,3757.3110640143764,3757.3110640143764,10285.08698216458,541.2571002136866,10285.08698216458,3757.3110640143764,3757.3110640143764,3757.3110640143764,197.73010132396766,10759.673884007543,97.53865397735345,2094.0859411208307,110.20216805699474,2094.0859411208307,385.29752280856223,197.73010132396766,211.16573243661054,1189.3858514969068,3757.3110640143764,110.20216805699474,110.20216805699474,10285.08698216458,3757.3110640143764,3757.3110640143764,2094.0859411208307,2674.66726037294,5996.757103062933,2674.66726037294,2094.0859411208307,3757.3110640143764,2094.0859411208307,434.5021706633126,110.20216805699474
8,2649.3198493650084,53.48756722958552,737.3497959877146,4884.054254316046,2302.1311446799155,671.3843055408308,3839.856714068462,198.69886508083832,154.40652073036406,154.40652073036406,3409.291555919664,3409.291555919664,3839.856714068462,154.40652073036406,853.9582640528853,223.79287856260396,7369.131472189966,2649.3198493650084,2649.3198493650084,154.40652073036406,154.40652073036406,198.69886508083832,198.69886508083832,9831.33672978325,68.0327938601344,76.62476969066488,671.3843055408308,2649.3198493650084,3839.856714068462,2649.3198493650084,2649.3198493650084,53.48756722958552,671.3843055408308,2649.3198493650084,154.40652073036406,3336.6502480566965,2649.3198493650084,198.69886508083832,2649.3198493650084,154.40652073036406,3409.291555919664,3409.291555919664,3409.291555919664,3409.291555919664,2649.3198493650084,134.17181787251323,134.17181787251323,3839.856714068462,2649.3198493650084,2649.3198493650084,2649.3198493650084,154.40652073036406,154.40652073036406,198.69886508083832,198.69886508083832,198.69886508083832,154.40652073036406,2649.3198493650084,3839.856714068462,3839.856714068462,830.4709404580925,671.3843055408308,154.40652073036406,102.64886020311741,102.64886020311741,102.64886020311741,3839.856714068462,194.46521559864678,154.40652073036406,154.40652073036406,9831.33672978325,223.79287856260396,223.79287856260396,2302.1311446799155,154.40652073036406,2649.3198493650084,429.48455306300497,2649.3198493650084,2649.3198493650084,2649.3198493650084,3336.6502480566965,3839.856714068462,194.46521559864678,3336.6502480566965,3336.6502480566965,3839.856714068462,134.17181787251323,3409.291555919664,14249.289061558291,198.48652265109183,3336.6502480566965,3839.856714068462,223.79287856260396,223.79287856260396,2649.3198493650084,3839.856714068462,223.79287856260396,223.79287856260396,2302.1311446799155,172.65972842984132,3839.856714068462,194.46521559864678,223.79287856260396,223.79287856260396,2649.3198493650084,3839.856714068462,2649.3198493650084,223.79287856260396,2649.3198493650084,154.40652073036406,572.9857415812997,2649.3198493650084,3839.856714068462,3839.856714068462,3839.856714068462,3336.6502480566965,194.46521559864678,3336.6502480566965,3839.856714068462,3839.856714068462,3839.856714068462,223.79287856260396,14249.289061558291,53.48756722958552,2649.3198493650084,154.40652073036406,2649.3198493650084,172.65972842984132,223.79287856260396,196.39530342481112,583.4005736246975,3839.856714068462,154.40652073036406,154.40652073036406,3336.6502480566965,3839.856714068462,3839.856714068462,2649.3198493650084,3409.291555919664,9831.33672978325,3409.291555919664,2649.3198493650084,3839.856714068462,2649.3198493650084,671.3843055408308,154.40652073036406
9,1894.8909198219278,140.24923246679748,720.2195138275015,1597.1791236733873,1630.059082017325,489.6954278968128,3403.5850566976433,184.39827185025996,124.87690551718508,124.87690551718508,2798.0723057861806,2798.0723057861806,3403.5850566976433,124.87690551718508,229.7963181075796,224.30271056704242,5159.226262558131,1894.8909198219278,1894.8909198219278,124.87690551718508,124.87690551718508,184.39827185025996,184.39827185025996,7401.031491979092,65.81388226698989,80.0562393416228,489.6954278968128,1894.8909198219278,3403.5850566976433,1894.8909198219278,1894.8909198219278,140.24923246679748,489.6954278968128,1894.8909198219278,124.87690551718508,2927.8966272157886,1894.8909198219278,184.39827185025996,1894.8909198219278,124.87690551718508,2798.0723057861806,2798.0723057861806,2798.0723057861806,2798.0723057861806,1894.8909198219278,107.42398511869811,107.42398511869811,3403.5850566976433,1894.8909198219278,1894.8909198219278,1894.8909198219278,124.87690551718508,124.87690551718508,184.39827185025996,184.39827185025996,184.39827185025996,124.87690551718508,1894.8909198219278,3403.5850566976433,3403.5850566976433,876.0775658785453,489.6954278968128,124.87690551718508,212.59275481376667,212.59275481376667,212.59275481376667,3403.5850566976433,192.95394086075973,124.87690551718508,124.87690551718508,7401.031491979092,224.30271056704242,224.30271056704242,1630.059082017325,124.87690551718508,1894.8909198219278,340.0027958294279,1894.8909198219278,1894.8909198219278,1894.8909198219278,2927.8966272157886,3403.5850566976433,192.95394086075973,2927.8966272157886,2927.8966272157886,3403.5850566976433,107.42398511869811,2798.0723057861806,13293.66240913537,547.7829754496948,2927.8966272157886,3403.5850566976433,224.30271056704242,224.30271056704242,1894.8909198219278,3403.5850566976433,224.30271056704242,224.30271056704242,1630.059082017325,158.62658614991037,3403.5850566976433,192.95394086075973,224.30271056704242,224.30271056704242,1894.8909198219278,3403.5850566976433,1894.8909198219278,224.30271056704242,1894.8909198219278,124.87690551718508,487.74201231616956,1894.8909198219278,3403.5850566976433,3403.5850566976433,3403.5850566976433,2927.8966272157886,192.95394086075973,2927.8966272157886,3403.5850566976433,3403.5850566976433,3403.5850566976433,224.30271056704242,13293.66240913537,140.24923246679748,1894.8909198219278,124.87690551718508,1894.8909198219278,158.62658614991037,224.30271056704242,58.60020631143,421.25510831017846,3403.5850566976433,124.87690551718508,124.87690551718508,2927.8966272157886,3403.5850566976433,3403.5850566976433,1894.8909198219278,2798.0723057861806,7401.031491979092,2798.0723057861806,1894.8909198219278,3403.5850566976433,1894.8909198219278,489.6954278968128,124.87690551718508
10,1327.9455181103656,87.88124717567081,938.6602642847647,5561.304979722173,1091.4242725288093,334.3402642512585,3424.586343880405,181.37791329833442,102.85154279753472,102.85154279753472,2341.8218190744233,2341.8218190744233,3424.586343880405,102.85154279753472,542.9467940923042,265.2397889129327,7226.102317090565,1327.9455181103656,1327.9455181103656,102.85154279753472,102.85154279753472,181.37791329833442,181.37791329833442,6872.334499377499,142.71341658989022,208.69837899768973,334.3402642512585,1327.9455181103656,3424.586343880405,1327.9455181103656,1327.9455181103656,87.88124717567081,334.3402642512585,1327.9455181103656,102.85154279753472,2814.631028237054,1327.9455181103656,181.37791329833442,1327.9455181103656,102.85154279753472,2341.8218190744233,2341.8218190744233,2341.8218190744233,2341.8218190744233,1327.9455181103656,84.53258717722149,84.53258717722149,3424.586343880405,1327.9455181103656,1327.9455181103656,1327.9455181103656,102.85154279753472,102.85154279753472,181.37791329833442,181.37791329833442,181.37791329833442,102.85154279753472,1327.9455181103656,3424.586343880405,3424.586343880405,1372.659139320547,334.3402642512585,102.85154279753472,185.4352088332397,185.4352088332397,185.4352088332397,3424.586343880405,217.99775646814828,102.85154279753472,102.85154279753472,6872.334499377499,265.2397889129327,265.2397889129327,1091.4242725288093,102.85154279753472,1327.9455181103656,559.6733914077913,1327.9455181103656,1327.9455181103656,1327.9455181103656,2814.631028237054,3424.586343880405,217.99775646814828,2814.631028237054,2814.631028237054,3424.586343880405,84.53258717722149,2341.8218190744233,17722.792506303987,454.79977798568825,2814.631028237054,3424.586343880405,265.2397889129327,265.2397889129327,1327.9455181103656,3424.586343880405,265.2397889129327,265.2397889129327,1091.4242725288093,149.07257442016206,3424.586343880405,217.99775646814828,265.2397889129327,265.2397889129327,1327.9455181103656,3424.586343880405,1327.9455181103656,265.2397889129327,1327.9455181103656,102.85154279753472,532.2734978521569,1327.9455181103656,3424.586343880405,3424.586343880405,3424.586343880405,2814.631028237054,217.99775646814828,2814.631028237054,3424.586343880405,3424.586343880405,3424.586343880405,265.2397889129327,17722.792506303987,87.88124717567081,1327.9455181103656,102.85154279753472,1327.9455181103656,149.07257442016206,265.2397889129327,167.0242007926471,274.7907009067462,3424.586343880405,102.85154279753472,102.85154279753472,2814.631028237054,3424.586343880405,3424.586343880405,1327.9455181103656,2341.8218190744233,6872.334499377499,2341.8218190744233,1327.9455181103656,3424.586343880405,1327.9455181103656,334.3402642512585,102.85154279753472
11,1259.7425153185065,201.782245415259,209.38688857421405,4111.987029647694,721.5458030174327,232.10389956900022,3146.0255005801846,96.57357928157172,60.534438676516636,60.534438676516636,2009.7294422368798,2009.7294422368798,3146.0255005801846,60.534438676516636,303.3695131785706,151.17604226565155,4782.513760582069,1259.7425153185065,1259.7425153185065,60.534438676516636,60.534438676516636,96.57357928157172,96.57357928157172,2731.3222482738583,263.73784186037784,412.8545656559755,232.10389956900022,1259.7425153185065,3146.0255005801846,1259.7425153185065,1259.7425153185065,201.782245415259,232.10389956900022,1259.7425153185065,60.534438676516636,1801.9567241131938,1259.7425153185065,96.57357928157172,1259.7425153185065,60.534438676516636,2009.7294422368798,2009.7294422368798,2009.7294422368798,2009.7294422368798,1259.7425153185065,34.67245856508489,34.67245856508489,3146.0255005801846,1259.7425153185065,1259.7425153185065,1259.7425153185065,60.534438676516636,60.534438676516636,96.57357928157172,96.57357928157172,96.57357928157172,60.534438676516636,1259.7425153185065,3146.0255005801846,3146.0255005801846,327.77371774403053,232.10389956900022,60.534438676516636,306.74461003626834,306.74461003626834,306.74461003626834,3146.0255005801846,86.58947164769428,60.534438676516636,60.534438676516636,2731.3222482738583,151.17604226565155,151.17604226565155,721.5458030174327,60.534438676516636,1259.7425153185065,229.81425365830006,1259.7425153185065,1259.7425153185065,1259.7425153185065,1801.9567241131938,3146.0255005801846,86.58947164769428,1801.9567241131938,1801.9567241131938,3146.0255005801846,34.67245856508489,2009.7294422368798,6821.083942855577,437.4960196290649,1801.9567241131938,3146.0255005801846,151.17604226565155,151.17604226565155,1259.7425153185065,3146.0255005801846,151.17604226565155,151.17604226565155,721.5458030174327,55.31468531517435,3146.0255005801846,86.58947164769428,151.17604226565155,151.17604226565155,1259.7425153185065,3146.0255005801846,1259.7425153185065,151.17604226565155,1259.7425153185065,60.534438676516636,131.24829648393344,1259.7425153185065,3146.0255005801846,3146.0255005801846,3146.0255005801846,1801.9567241131938,86.58947164769428,1801.9567241131938,3146.0255005801846,3146.0255005801846,3146.0255005801846,151.17604226565155,6821.083942855577,201.782245415259,1259.7425153185065,60.534438676516636,1259.7425153185065,55.31468531517435,151.17604226565155,79.12104547116203,132.9427185012079,3146.0255005801846,60.534438676516636,60.534438676516636,1801.9567241131938,3146.0255005801846,3146.0255005801846,1259.7425153185065,2009.7294422368798,2731.3222482738583,2009.7294422368798,1259.7425153185065,3146.0255005801846,1259.7425153185065,232.10389956900022,60.534438676516636
12,1759.9221615583365,84.26197442347019,597.7934446734976,4695.972467243169,1208.819779052599,385.10468866879006,3690.154361079603,153.48347583125616,109.9727509721092,109.9727509721092,2456.235459790739,2456.235459790739,3690.154361079603,109.9727509721092,490.0719151666618,230.58771317494902,7761.960633345699,1759.9221615583365,1759.9221615583365,109.9727509721092,109.9727509721092,153.48347583125616,153.48347583125616,6854.613668456788,107.22909483179433,161.09689742931874,385.10468866879006,1759.9221615583365,3690.154361079603,1759.9221615583365,1759.9221615583365,84.26197442347019,385.10468866879006,1759.9221615583365,109.9727509721092,2534.6186762489783,1759.9221615583365,153.48347583125616,1759.9221615583365,109.9727509721092,2456.235459790739,2456.235459790739,2456.235459790739,2456.235459790739,1759.9221615583365,75.53586143503146,75.53586143503146,3690.154361079603,1759.9221615583365,1759.9221615583365,1759.9221615583365,109.9727509721092,109.9727509721092,153.48347583125616,153.48347583125616,153.48347583125616,109.9727509721092,1759.9221615583365,3690.154361079603,3690.154361079603,898.1020439606566,385.10468866879006,109.9727509721092,177.23869095048107,177.23869095048107,177.23869095048107,3690.154361079603,158.38142991822681,109.9727509721092,109.9727509721092,6854.613668456788,230.58771317494902,230.58771317494902,1208.819779052599,109.9727509721092,1759.9221615583365,485.02381663880595,1759.9221615583365,1759.9221615583365,1759.9221615583365,2534.6186762489783,3690.154361079603,158.38142991822681,2534.6186762489783,2534.6186762489783,3690.154361079603,75.53586143503146,2456.235459790739,14372.557533893654,328.1868336170332,2534.6186762489783,3690.154361079603,230.58771317494902,230.58771317494902,1759.9221615583365,3690.154361079603,230.58771317494902,230.58771317494902,1208.819779052599,105.42162908971021,3690.154361079603,158.38142991822681,230.58771317494902,230.58771317494902,1759.9221615583365,3690.154361079603,1759.9221615583365,230.58771317494902,1759.9221615583365,109.9727509721092,428.32617171190003,1759.9221615583365,3690.154361079603,3690.154361079603,3690.154361079603,2534.6186762489783,158.38142991822681,2534.6186762489783,3690.154361079603,3690.154361079603,3690.154361079603,230.58771317494902,14372.557533893654,84.26197442347019,1759.9221615583365,109.9727509721092,1759.9221615583365,105.42162908971021,230.58771317494902,139.94780710499228,264.51292837663146,3690.154361079603,109.9727509721092,109.9727509721092,2534.6186762489783,3690.154361079603,3690.154361079603,1759.9221615583365,2456.235459790739,6854.613668456788,2456.235459790739,1759.9221615583365,3690.154361079603,1759.9221615583365,385.10468866879006,109.9727509721092
13,1462.5689909063979,51.40730453400674,187.79442431819476,2064.930626067931,7031.08573569447,283.9801785860379,2018.2250836274923,71.57789294454567,60.49421395469382,60.49421395469382,1730.5391674898767,1730.5391674898767,2018.2250836274923,60.49421395469382,290.5520165791294,83.47704674227225,4249.714043660198,1462.5689909063979,1462.5689909063979,60.49421395469382,60.49421395469382,71.57789294454567,71.57789294454567,3837.250446666573,52.59696670951895,61.3407194301439,283.9801785860379,1462.5689909063979,2018.2250836274923,1462.5689909063979,1462.5689909063979,51.40730453400674,283.9801785860379,1462.5689909063979,60.49421395469382,9702.320837610454,1462.5689909063979,71.57789294454567,1462.5689909063979,60.49421395469382,1730.5391674898767,1730.5391674898767,1730.5391674898767,1730.5391674898767,1462.5689909063979,290.81705374137664,290.81705374137664,2018.2250836274923,1462.5689909063979,1462.5689909063979,1462.5689909063979,60.49421395469382,60.49421395469382,71.57789294454567,71.57789294454567,71.57789294454567,60.49421395469382,1462.5689909063979,2018.2250836274923,2018.2250836274923,219.01348715158883,283.9801785860379,60.49421395469382,108.24676880549953,108.24676880549953,108.24676880549953,2018.2250836274923,401.3036487555709,60.49421395469382,60.49421395469382,3837.250446666573,83.47704674227225,83.47704674227225,7031.08573569447,60.49421395469382,1462.5689909063979,175.77503160662863,1462.5689909063979,1462.5689909063979,1462.5689909063979,9702.320837610454,2018.2250836274923,401.3036487555709,9702.320837610454,9702.320837610454,2018.2250836274923,290.81705374137664,1730.5391674898767,5295.0904550655205,134.87411774181837,9702.320837610454,2018.2250836274923,83.47704674227225,83.47704674227225,1462.5689909063979,2018.2250836274923,83.47704674227225,83.47704674227225,7031.08573569447,344.1002135301454,2018.2250836274923,401.3036487555709,83.47704674227225,83.47704674227225,1462.5689909063979,2018.2250836274923,1462.5689909063979,83.47704674227225,1462.5689909063979,60.49421395469382,158.71487154567205,1462.5689909063979,2018.2250836274923,2018.2250836274923,2018.2250836274923,9702.320837610454,401.3036487555709,9702.320837610454,2018.2250836274923,2018.2250836274923,2018.2250836274923,83.47704674227225,5295.0904550655205,51.40730453400674,1462.5689909063979,60.49421395469382,1462.5689909063979,344.1002135301454,83.47704674227225,61.89416438647796,1365.1930235707046,2018.2250836274923,60.49421395469382,60.49421395469382,9702.320837610454,2018.2250836274923,2018.2250836274923,1462.5689909063979,1730.5391674898767,3837.250446666573,1730.5391674898767,1462.5689909063979,2018.2250836274923,1462.5689909063979,283.9801785860379,60.49421395469382
14,3279.528008056548,22.648011497546985,114.09216135188154,300.337639733322,911.5774771623019,752.2485222524286,3439.888299875959,146.37225571780488,140.20067630632852,140.20067630632852,3423.8915594110313,3423.8915594110313,3439.888299875959,140.20067630632852,65.67903547168108,147.05612053809918,2034.251706151981,3279.528008056548,3279.528008056548,140.20067630632852,140.20067630632852,146.37225571780488,146.37225571780488,2556.2797868919374,1.9774044169026306,1.9866430346282553,752.2485222524286,3279.528008056548,3439.888299875959,3279.528008056548,3279.528008056548,22.648011497546985,752.2485222524286,3279.528008056548,140.20067630632852,956.1512176196595,3279.528008056548,146.37225571780488,3279.528008056548,140.20067630632852,3423.8915594110313,3423.8915594110313,3423.8915594110313,3423.8915594110313,3279.528008056548,38.97017451590788,38.97017451590788,3439.888299875959,3279.528008056548,3279.528008056548,3279.528008056548,140.20067630632852,140.20067630632852,146.37225571780488,146.37225571780488,146.37225571780488,140.20067630632852,3279.528008056548,3439.888299875959,3439.888299875959,114.62521056286255,752.2485222524286,140.20067630632852,13.393387230479538,13.393387230479538,13.393387230479538,3439.888299875959,40.87571352709249,140.20067630632852,140.20067630632852,2556.2797868919374,147.05612053809918,147.05612053809918,911.5774771623019,140.20067630632852,3279.528008056548,86.96479014028067,3279.528008056548,3279.528008056548,3279.528008056548,956.1512176196595,3439.888299875959,40.87571352709249,956.1512176196595,956.1512176196595,3439.888299875959,38.97017451590788,3423.8915594110313,2681.275143416113,17.65334946438953,956.1512176196595,3439.888299875959,147.05612053809918,147.05612053809918,3279.528008056548,3439.888299875959,147.05612053809918,147.05612053809918,911.5774771623019,40.68562648832581,3439.888299875959,40.87571352709249,147.05612053809918,147.05612053809918,3279.528008056548,3439.888299875959,3279.528008056548,147.05612053809918,3279.528008056548,140.20067630632852,109.2816265236992,3279.528008056548,3439.888299875959,3439.888299875959,3439.888299875959,956.1512176196595,40.87571352709249,956.1512176196595,3439.888299875959,3439.888299875959,3439.888299875959,147.05612053809918,2681.275143416113,22.648011497546985,3279.528008056548,140.20067630632852,3279.528008056548,40.68562648832581,147.05612053809918,12.240961490632293,209.09496989486132,3439.888299875959,140.20067630632852,140.20067630632852,956.1512176196595,3439.888299875959,3439.888299875959,3279.528008056548,3423.8915594110313,2556.2797868919374,3423.8915594110313,3279.528008056548,3439.888299875959,3279.528008056548,752.2485222524286,140.20067630632852
15,2296.8361128790634,240.2232543762995,214.4151355830528,2380.448678061559,4610.159540692591,425.21123017755167,3254.289552457657,134.72332118326744,95.25048931798561,95.25048931798561,3248.6698132090764,3248.6698132090764,3254.289552457657,95.25048931798561,311.033635592957,134.95637347213787,4231.094980372566,2296.8361128790634,2296.8361128790634,95.25048931798561,95.25048931798561,134.72332118326744,134.72332118326744,3655.4653064489753,175.71857669759342,176.0225449796752,425.21123017755167,2296.8361128790634,3254.289552457657,2296.8361128790634,2296.8361128790634,240.2232543762995,425.21123017755167,2296.8361128790634,95.25048931798561,6531.939281306849,2296.8361128790634,134.72332118326744,2296.8361128790634,95.25048931798561,3248.6698132090764,3248.6698132090764,3248.6698132090764,3248.6698132090764,2296.8361128790634,191.1847125803487,191.1847125803487,3254.289552457657,2296.8361128790634,2296.8361128790634,2296.8361128790634,95.25048931798561,95.25048931798561,134.72332118326744,134.72332118326744,134.72332118326744,95.25048931798561,2296.8361128790634,3254.289552457657,3254.289552457657,214.78604343833135,425.21123017755167,95.25048931798561,312.3285096105619,312.3285096105619,312.3285096105619,3254.289552457657,270.8815005350833,95.25048931798561,95.25048931798561,3655.4653064489753,134.95637347213787,134.95637347213787,4610.159540692591,95.25048931798561,2296.8361128790634,175.46479044435847,2296.8361128790634,2296.8361128790634,2296.8361128790634,6531.939281306849,3254.289552457657,270.8815005350833,6531.939281306849,6531.939281306849,3254.289552457657,191.1847125803487,3248.6698132090764,5179.2735622033,382.320604962147,6531.939281306849,3254.289552457657,134.95637347213787,134.95637347213787,2296.8361128790634,3254.289552457657,134.95637347213787,134.95637347213787,4610.159540692591,270.4137230445643,3254.289552457657,270.8815005350833,134.95637347213787,134.95637347213787,2296.8361128790634,3254.289552457657,2296.8361128790634,134.95637347213787,2296.8361128790634,95.25048931798561,151.5932535072076,2296.8361128790634,3254.289552457657,3254.289552457657,3254.289552457657,6531.939281306849,270.8815005350833,6531.939281306849,3254.289552457657,3254.289552457657,3254.289552457657,134.95637347213787,5179.2735622033,240.2232543762995,2296.8361128790634,95.25048931798561,2296.8361128790634,270.4137230445643,134.95637347213787,69.67385591441337,853.4747423295536,3254.289552457657,95.25048931798561,95.25048931798561,6531.939281306849,3254.289552457657,3254.289552457657,2296.8361128790634,3248.6698132090764,3655.4653064489753,3248.6698132090764,2296.8361128790634,3254.289552457657,2296.8361128790634,425.21123017755167,95.25048931798561
16,1623.6158304811436,108.99785452268291,167.3989650920727,3177.587864424246,4914.513476843171,302.07288093505264,2924.3897873653777,101.07261380631931,76.68519357866676,76.68519357866676,2139.9580303035095,2139.9580303035095,2924.3897873653777,76.68519357866676,328.22680641886893,138.12220399275952,4750.113301714998,1623.6158304811436,1623.6158304811436,76.68519357866676,76.68519357866676,101.07261380631931,101.07261380631931,2689.0727319120397,118.43505310952006,161.84908997043922,302.07288093505264,1623.6158304811436,2924.3897873653777,1623.6158304811436,1623.6158304811436,108.99785452268291,302.07288093505264,1623.6158304811436,76.68519357866676,8851.818731830606,1623.6158304811436,101.07261380631931,1623.6158304811436,76.68519357866676,2139.9580303035095,2139.9580303035095,2139.9580303035095,2139.9580303035095,1623.6158304811436,232.11797411768472,232.11797411768472,2924.3897873653777,1623.6158304811436,1623.6158304811436,1623.6158304811436,76.68519357866676,76.68519357866676,101.07261380631931,101.07261380631931,101.07261380631931,76.68519357866676,1623.6158304811436,2924.3897873653777,2924.3897873653777,228.7614135410682,302.07288093505264,76.68519357866676,177.04622033064967,177.04622033064967,177.04622033064967,2924.3897873653777,418.08130977174653,76.68519357866676,76.68519357866676,2689.0727319120397,138.12220399275952,138.12220399275952,4914.513476843171,76.68519357866676,1623.6158304811436,224.3531697733376,1623.6158304811436,1623.6158304811436,1623.6158304811436,8851.818731830606,2924.3897873653777,418.08130977174653,8851.818731830606,8851.818731830606,2924.3897873653777,232.11797411768472,2139.9580303035095,4843.446760651437,180.52494496004238,8851.818731830606,2924.3897873653777,138.12220399275952,138.12220399275952,1623.6158304811436,2924.3897873653777,138.12220399275952,138.12220399275952,4914.513476843171,305.9361170084936,2924.3897873653777,418.08130977174653,138.12220399275952,138.12220399275952,1623.6158304811436,2924.3897873653777,1623.6158304811436,138.12220399275952,1623.6158304811436,76.68519357866676,127.00791598753999,1623.6158304811436,2924.3897873653777,2924.3897873653777,2924.3897873653777,8851.818731830606,418.08130977174653,8851.818731830606,2924.3897873653777,2924.3897873653777,2924.3897873653777,138.12220399275952,4843.446760651437,108.99785452268291,1623.6158304811436,76.68519357866676,1623.6158304811436,305.9361170084936,138.12220399275952,83.32471326133467,914.3426766812373,2924.3897873653777,76.68519357866676,76.68519357866676,8851.818731830606,2924.3897873653777,2924.3897873653777,1623.6158304811436,2139.9580303035095,2689.0727319120397,2139.9580303035095,1623.6158304811436,2924.3897873653777,1623.6158304811436,302.07288093505264,76.68519357866676
17,1419.7197304108927,228.60510984805921,334.35793433509144,2756.6258129639455,834.5149613119033,307.53102403363056,3437.7602893299836,143.63459952327386,82.73144451652388,82.73144451652388,2464.853310667505,2464.853310667505,3437.7602893299836,82.73144451652388,246.59891551181042,200.3288878400662,5952.101232705372,1419.7197304108927,1419.7197304108927,82.73144451652388,82.73144451652388,143.63459952327386,143.63459952327386,3304.8761090327794,183.31084594191978,255.66582159485992,307.53102403363056,1419.7197304108927,3437.7602893299836,1419.7197304108927,1419.7197304108927,228.60510984805921,307.53102403363056,1419.7197304108927,82.73144451652388,2020.7244665251696,1419.7197304108927,143.63459952327386,1419.7197304108927,82.73144451652388,2464.853310667505,2464.853310667505,2464.853310667505,2464.853310667505,1419.7197304108927,48.629758917278146,48.629758917278146,3437.7602893299836,1419.7197304108927,1419.7197304108927,1419.7197304108927,82.73144451652388,82.73144451652388,143.63459952327386,143.63459952327386,143.63459952327386,82.73144451652388,1419.7197304108927,3437.7602893299836,3437.7602893299836,466.3329960062815,307.53102403363056,82.73144451652388,395.8044312608474,395.8044312608474,395.8044312608474,3437.7602893299836,117.75384289202297,82.73144451652388,82.73144451652388,3304.8761090327794,200.3288878400662,200.3288878400662,834.5149613119033,82.73144451652388,1419.7197304108927,346.84728425080135,1419.7197304108927,1419.7197304108927,1419.7197304108927,2020.7244665251696,3437.7602893299836,117.75384289202297,2020.7244665251696,2020.7244665251696,3437.7602893299836,48.629758917278146,2464.853310667505,8002.545576724563,532.1554316365008,2020.7244665251696,3437.7602893299836,200.3288878400662,200.3288878400662,1419.7197304108927,3437.7602893299836,200.3288878400662,200.3288878400662,834.5149613119033,84.42879231489194,3437.7602893299836,117.75384289202297,200.3288878400662,200.3288878400662,1419.7197304108927,3437.7602893299836,1419.7197304108927,200.3288878400662,1419.7197304108927,82.73144451652388,192.58531708177284,1419.7197304108927,3437.7602893299836,3437.7602893299836,3437.7602893299836,2020.7244665251696,117.75384289202297,2020.7244665251696,3437.7602893299836,3437.7602893299836,3437.7602893299836,200.3288878400662,8002.545576724563,228.60510984805921,1419.7197304108927,82.73144451652388,1419.7197304108927,84.42879231489194,200.3288878400662,66.33959796612024,180.767538216405,3437.7602893299836,82.73144451652388,82.73144451652388,2020.7244665251696,3437.7602893299836,3437.7602893299836,1419.7197304108927,2464.853310667505,3304.8761090327794,2464.853310667505,1419.7197304108927,3437.7602893299836,1419.7197304108927,307.53102403363056,82.73144451652388
18,1452.001401699196,119.75281984818719,73.8897263480282,4138.769773417166,913.7966078550531,241.25379021388324,2624.3569270371304,61.20594734497196,58.7761995891925,58.7761995891925,1512.0256491297148,1512.0256491297148,2624.3569270371304,58.7761995891925,380.47183459409786,106.23249148127853,4703.847378399999,1452.001401699196,1452.001401699196,58.7761995891925,58.7761995891925,61.20594734497196,61.20594734497196,1752.9013254840283,188.85744769051223,327.7916292983658,241.25379021388324,1452.001401699196,2624.3569270371304,1452.001401699196,1452.001401699196,119.75281984818719,241.25379021388324,1452.001401699196,58.7761995891925,1651.6020266378846,1452.001401699196,61.20594734497196,1452.001401699196,58.7761995891925,1512.0256491297148,1512.0256491297148,1512.0256491297148,1512.0256491297148,1452.001401699196,36.98997242314123,36.98997242314123,2624.3569270371304,1452.001401699196,1452.001401699196,1452.001401699196,58.7761995891925,58.7761995891925,61.20594734497196,61.20594734497196,61.20594734497196,58.7761995891925,1452.001401699196,2624.3569270371304,2624.3569270371304,128.24717311504435,241.25379021388324,58.7761995891925,214.64267375202684,214.64267375202684,214.64267375202684,2624.3569270371304,66.85592055626242,58.7761995891925,58.7761995891925,1752.9013254840283,106.23249148127853,106.23249148127853,913.7966078550531,58.7761995891925,1452.001401699196,190.40909466505738,1452.001401699196,1452.001401699196,1452.001401699196,1651.6020266378846,2624.3569270371304,66.85592055626242,1651.6020266378846,1651.6020266378846,2624.3569270371304,36.98997242314123,1512.0256491297148,3168.2054373798646,144.56933471048012,1651.6020266378846,2624.3569270371304,106.23249148127853,106.23249148127853,1452.001401699196,2624.3569270371304,106.23249148127853,106.23249148127853,913.7966078550531,38.51909991198278,2624.3569270371304,66.85592055626242,106.23249148127853,106.23249148127853,1452.001401699196,2624.3569270371304,1452.001401699196,106.23249148127853,1452.001401699196,58.7761995891925,70.9564591647366,1452.001401699196,2624.3569270371304,2624.3569270371304,2624.3569270371304,1651.6020266378846,66.85592055626242,1651.6020266378846,2624.3569270371304,2624.3569270371304,2624.3569270371304,106.23249148127853,3168.2054373798646,119.75281984818719,1452.001401699196,58.7761995891925,1452.001401699196,38.51909991198278,106.23249148127853,92.6936255316168,151.82967101246098,2624.3569270371304,58.7761995891925,58.7761995891925,1651.6020266378846,2624.3569270371304,2624.3569270371304,1452.001401699196,1512.0256491297148,1752.9013254840283,1512.0256491297148,1452.001401699196,2624.3569270371304,1452.001401699196,241.25379021388324,58.7761995891925
19,1597.3400696545177,405.40599795739047,28.662522451897605,1345.9267948585855,1658.7485381491576,205.15407435842616,2404.75904256904,64.89978657000256,47.29630027732248,47.29630027732248,2191.8634014169866,2191.8634014169866,2404.75904256904,47.29630027732248,114.82329866132068,71.20350132865032,2615.981870172516,1597.3400696545177,1597.3400696545177,47.29630027732248,47.29630027732248,64.89978657000256,64.89978657000256,705.453716098199,226.90289787384026,248.9419710619236,205.15407435842616,1597.3400696545177,2404.75904256904,1597.3400696545177,1597.3400696545177,405.40599795739047,205.15407435842616,1597.3400696545177,47.29630027732248,2497.2080912770853,1597.3400696545177,64.89978657000256,1597.3400696545177,47.29630027732248,2191.8634014169866,2191.8634014169866,2191.8634014169866,2191.8634014169866,1597.3400696545177,49.11456892322278,49.11456892322278,2404.75904256904,1597.3400696545177,1597.3400696545177,1597.3400696545177,47.29630027732248,47.29630027732248,64.89978657000256,64.89978657000256,64.89978657000256,47.29630027732248,1597.3400696545177,2404.75904256904,2404.75904256904,31.446512590373842,205.15407435842616,47.29630027732248,441.0149715385805,441.0149715385805,441.0149715385805,2404.75904256904,73.94086330379578,47.29630027732248,47.29630027732248,705.453716098199,71.20350132865032,71.20350132865032,1658.7485381491576,47.29630027732248,1597.3400696545177,77.45768506168584,1597.3400696545177,1597.3400696545177,1597.3400696545177,2497.2080912770853,2404.75904256904,73.94086330379578,2497.2080912770853,2497.2080912770853,2404.75904256904,49.11456892322278,2191.8634014169866,1062.0444795252613,179.04463377632337,2497.2080912770853,2404.75904256904,71.20350132865032,71.20350132865032,1597.3400696545177,2404.75904256904,71.20350132865032,71.20350132865032,1658.7485381491576,67.39480724506447,2404.75904256904,73.94086330379578,71.20350132865032,71.20350132865032,1597.3400696545177,2404.75904256904,1597.3400696545177,71.20350132865032,1597.3400696545177,47.29630027732248,20.888069749323876,1597.3400696545177,2404.75904256904,2404.75904256904,2404.75904256904,2497.2080912770853,73.94086330379578,2497.2080912770853,2404.75904256904,2404.75904256904,2404.75904256904,71.20350132865032,1062.0444795252613,405.40599795739047,1597.3400696545177,47.29630027732248,1597.3400696545177,67.39480724506447,71.20350132865032,26.471408034677673,213.04105957285907,2404.75904256904,47.29630027732248,47.29630027732248,2497.2080912770853,2404.75904256904,2404.75904256904,1597.3400696545177,2191.8634014169866,705.453716098199,2191.8634014169866,1597.3400696545177,2404.75904256904,1597.3400696545177,205.15407435842616,47.29630027732248
20,1772.211903380105,111.85524216430655,1008.177260746677,3122.9008472388327,914.993693091697,379.1224599459628,4364.552684695701,179.8332038773745,116.8281030799472,116.8281030799472,2727.9613049641944,2727.9613049641944,4364.552684695701,116.8281030799472,271.2676273846066,287.7209040143354,10937.41231469721,1772.211903380105,1772.211903380105,116.8281030799472,116.8281030799472,179.8332038773745,179.8332038773745,9935.338434112171,80.03405062513801,128.0490415635139,379.1224599459628,1772.211903380105,4364.552684695701,1772.211903380105,1772.211903380105,111.85524216430655,379.1224599459628,1772.211903380105,116.8281030799472,2253.4202439596556,1772.211903380105,179.8332038773745,1772.211903380105,116.8281030799472,2727.9613049641944,2727.9613049641944,2727.9613049641944,2727.9613049641944,1772.211903380105,60.318394933549364,60.318394933549364,4364.552684695701,1772.211903380105,1772.211903380105,1772.211903380105,116.8281030799472,116.8281030799472,179.8332038773745,179.8332038773745,179.8332038773745,116.8281030799472,1772.211903380105,4364.552684695701,4364.552684695701,1613.015097403964,379.1224599459628,116.8281030799472,280.3052206016896,280.3052206016896,280.3052206016896,4364.552684695701,148.55041433907675,116.8281030799472,116.8281030799472,9935.338434112171,287.7209040143354,287.7209040143354,914.993693091697,116.8281030799472,1772.211903380105,721.0182545846874,1772.211903380105,1772.211903380105,1772.211903380105,2253.4202439596556,4364.552684695701,148.55041433907675,2253.4202439596556,2253.4202439596556,4364.552684695701,60.318394933549364,2727.9613049641944,24468.466752344157,627.0805903133598,2253.4202439596556,4364.552684695701,287.7209040143354,287.7209040143354,1772.211903380105,4364.552684695701,287.7209040143354,287.7209040143354,914.993693091697,92.84795291264842,4364.552684695701,148.55041433907675,287.7209040143354,287.7209040143354,1772.211903380105,4364.552684695701,1772.211903380105,287.7209040143354,1772.211903380105,116.8281030799472,654.9593423341682,1772.211903380105,4364.552684695701,4364.552684695701,4364.552684695701,2253.4202439596556,148.55041433907675,2253.4202439596556,4364.552684695701,4364.552684695701,4364.552684695701,287.7209040143354,24468.466752344157,111.85524216430655,1772.211903380105,116.8281030799472,1772.211903380105,92.84795291264842,287.7209040143354,83.59220484816073,195.74107311791562,4364.552684695701,116.8281030799472,116.8281030799472,2253.4202439596556,4364.552684695701,4364.552684695701,1772.211903380105,2727.9613049641944,9935.338434112171,2727.9613049641944,1772.211903380105,4364.552684695701,1772.211903380105,379.1224599459628,116.8281030799472
21,1765.1056961296197,87.59079541461857,1016.9290983700046,2643.2455921346864,1370.6710177383586,411.359337498609,3336.187587776778,158.3559805530519,114.61641265853213,114.61641265853213,2438.6999802822374,2438.6999802822374,3336.187587776778,114.61641265853213,325.91805077460623,216.63396934549124,9181.938413001888,1765.1056961296197,1765.1056961296197,114.61641265853213,114.61641265853213,158.3559805530519,158.3559805530519,11335.140850531398,69.3977714980794,94.93746084521091,411.359337498609,1765.1056961296197,3336.187587776778,1765.1056961296197,1765.1056961296197,87.59079541461857,411.359337498609,1765.1056961296197,114.61641265853213,2590.67524756788,1765.1056961296197,158.3559805530519,1765.1056961296197,114.61641265853213,2438.6999802822374,2438.6999802822374,2438.6999802822374,2438.6999802822374,1765.1056961296197,89.0039589882176,89.0039589882176,3336.187587776778,1765.1056961296197,1765.1056961296197,1765.1056961296197,114.61641265853213,114.61641265853213,158.3559805530519,158.3559805530519,158.3559805530519,114.61641265853213,1765.1056961296197,3336.187587776778,3336.187587776778,1391.1781945552796,411.359337498609,114.61641265853213,241.06956455012377,241.06956455012377,241.06956455012377,3336.187587776778,168.22443204992058,114.61641265853213,114.61641265853213,11335.140850531398,216.63396934549124,216.63396934549124,1370.6710177383586,114.61641265853213,1765.1056961296197,596.2253957128296,1765.1056961296197,1765.1056961296197,1765.1056961296197,2590.67524756788,3336.187587776778,168.22443204992058,2590.67524756788,2590.67524756788,3336.187587776778,89.0039589882176,2438.6999802822374,21424.301272249333,562.4898301624828,2590.67524756788,3336.187587776778,216.63396934549124,216.63396934549124,1765.1056961296197,3336.187587776778,216.63396934549124,216.63396934549124,1370.6710177383586,122.96937996718587,3336.187587776778,168.22443204992058,216.63396934549124,216.63396934549124,1765.1056961296197,3336.187587776778,1765.1056961296197,216.63396934549124,1765.1056961296197,114.61641265853213,736.0427107089714,1765.1056961296197,3336.187587776778,3336.187587776778,3336.187587776778,2590.67524756788,168.22443204992058,2590.67524756788,3336.187587776778,3336.187587776778,3336.187587776778,216.63396934549124,21424.301272249333,87.59079541461857,1765.1056961296197,114.61641265853213,1765.1056961296197,122.96937996718587,216.63396934549124,90.81003977592464,319.4360105583106,3336.187587776778,114.61641265853213,114.61641265853213,2590.67524756788,3336.187587776778,3336.187587776778,1765.1056961296197,2438.6999802822374,11335.140850531398,2438.6999802822374,1765.1056961296197,3336.187587776778,1765.1056961296197,411.359337498609,114.61641265853213
22,1616.385880755865,57.517442222063266,157.36183639015192,1324.2051762395693,2013.4124497092878,277.82725143466695,2937.8049672574266,75.01873972532798,66.3878932036986,66.3878932036986,1826.526281110599,1826.526281110599,2937.8049672574266,66.3878932036986,125.22964885366432,120.66096638284043,4608.178272483841,1616.385880755865,1616.385880755865,66.3878932036986,66.3878932036986,75.01873972532798,75.01873972532798,3390.585491600564,25.925783216855233,41.69931497958261,277.82725143466695,1616.385880755865,2937.8049672574266,1616.385880755865,1616.385880755865,57.517442222063266,277.82725143466695,1616.385880755865,66.3878932036986,3659.406560225504,1616.385880755865,75.01873972532798,1616.385880755865,66.3878932036986,1826.526281110599,1826.526281110599,1826.526281110599,1826.526281110599,1616.385880755865,82.6944928668837,82.6944928668837,2937.8049672574266,1616.385880755865,1616.385880755865,1616.385880755865,66.3878932036986,66.3878932036986,75.01873972532798,75.01873972532798,75.01873972532798,66.3878932036986,1616.385880755865,2937.8049672574266,2937.8049672574266,253.1025090548619,277.82725143466695,66.3878932036986,90.22063427988324,90.22063427988324,90.22063427988324,2937.8049672574266,150.29844964715946,66.3878932036986,66.3878932036986,3390.585491600564,120.66096638284043,120.66096638284043,2013.4124497092878,66.3878932036986,1616.385880755865,189.26622080749794,1616.385880755865,1616.385880755865,1616.385880755865,3659.406560225504,2937.8049672574266,150.29844964715946,3659.406560225504,3659.406560225504,2937.8049672574266,82.6944928668837,1826.526281110599,6162.438695936354,120.6505249977227,3659.406560225504,2937.8049672574266,120.66096638284043,120.66096638284043,1616.385880755865,2937.8049672574266,120.66096638284043,120.66096638284043,2013.4124497092878,93.44530060720653,2937.8049672574266,150.29844964715946,120.66096638284043,120.66096638284043,1616.385880755865,2937.8049672574266,1616.385880755865,120.66096638284043,1616.385880755865,66.3878932036986,139.25748188862448,1616.385880755865,2937.8049672574266,2937.8049672574266,2937.8049672574266,3659.406560225504,150.29844964715946,3659.406560225504,2937.8049672574266,2937.8049672574266,2937.8049672574266,120.66096638284043,6162.438695936354,57.517442222063266,1616.385880755865,66.3878932036986,1616.385880755865,93.44530060720653,120.66096638284043,29.924107556413613,346.06887721977,2937.8049672574266,66.3878932036986,66.3878932036986,3659.406560225504,2937.8049672574266,2937.8049672574266,1616.385880755865,1826.526281110599,3390.585491600564,1826.526281110599,1616.385880755865,2937.8049672574266,1616.385880755865,277.82725143466695,66.3878932036986
23,870.4493567568913,236.38158071002817,1190.0264799591496,4285.375988066135,5797.73090109486,210.23121041931563,2122.651299448928,145.71064372709924,65.9788798343932,65.9788798343932,1922.3384274367559,1922.3384274367559,2122.651299448928,65.9788798343932,424.43136152740044,160.89408755318792,5487.445211671619,870.4493567568913,870.4493567568913,65.9788798343932,65.9788798343932,145.71064372709924,145.71064372709924,7109.005612137454,477.2257931667146,526.9540136835237,210.23121041931563,870.4493567568913,2122.651299448928,870.4493567568913,870.4493567568913,236.38158071002817,210.23121041931563,870.4493567568913,65.9788798343932,14138.170056114273,870.4493567568913,145.71064372709924,870.4493567568913,65.9788798343932,1922.3384274367559,1922.3384274367559,1922.3384274367559,1922.3384274367559,870.4493567568913,439.4601333967354,439.4601333967354,2122.651299448928,870.4493567568913,870.4493567568913,870.4493567568913,65.9788798343932,65.9788798343932,145.71064372709924,145.71064372709924,145.71064372709924,65.9788798343932,870.4493567568913,2122.651299448928,2122.651299448928,1314.030463112629,210.23121041931563,65.9788798343932,611.0899955783448,611.0899955783448,611.0899955783448,2122.651299448928,1071.654101378247,65.9788798343932,65.9788798343932,7109.005612137454,160.89408755318792,160.89408755318792,5797.73090109486,65.9788798343932,870.4493567568913,415.9408992702799,870.4493567568913,870.4493567568913,870.4493567568913,14138.170056114273,2122.651299448928,1071.654101378247,14138.170056114273,14138.170056114273,2122.651299448928,439.4601333967354,1922.3384274367559,17335.804643035393,1930.540784284644,14138.170056114273,2122.651299448928,160.89408755318792,160.89408755318792,870.4493567568913,2122.651299448928,160.89408755318792,160.89408755318792,5797.73090109486,970.5229778129067,2122.651299448928,1071.654101378247,160.89408755318792,160.89408755318792,870.4493567568913,2122.651299448928,870.4493567568913,160.89408755318792,870.4493567568913,65.9788798343932,538.8529767806397,870.4493567568913,2122.651299448928,2122.651299448928,2122.651299448928,14138.170056114273,1071.654101378247,14138.170056114273,2122.651299448928,2122.651299448928,2122.651299448928,160.89408755318792,17335.804643035393,236.38158071002817,870.4493567568913,65.9788798343932,870.4493567568913,970.5229778129067,160.89408755318792,133.2033704429994,1400.2698440307538,2122.651299448928,65.9788798343932,65.9788798343932,14138.170056114273,2122.651299448928,2122.651299448928,870.4493567568913,1922.3384274367559,7109.005612137454,1922.3384274367559,870.4493567568913,2122.651299448928,870.4493567568913,210.23121041931563,65.9788798343932
24,1599.8638415741984,88.31184607998455,302.18850749219956,2374.369684867806,7360.1253864955015,364.47908473986104,2458.4664268768865,110.15481603664782,85.68031237661671,85.68031237661671,2056.8634994891395,2056.8634994891395,2458.4664268768865,85.68031237661671,352.0113515131715,131.66256149334146,5017.326981261932,1599.8638415741984,1599.8638415741984,85.68031237661671,85.68031237661671,110.15481603664782,110.15481603664782,4388.918105180255,85.29096344561452,101.94403770551922,364.47908473986104,1599.8638415741984,2458.4664268768865,1599.8638415741984,1599.8638415741984,88.31184607998455,364.47908473986104,1599.8638415741984,85.68031237661671,11310.100703631826,1599.8638415741984,110.15481603664782,1599.8638415741984,85.68031237661671,2056.8634994891395,2056.8634994891395,2056.8634994891395,2056.8634994891395,1599.8638415741984,394.16969485696984,394.16969485696984,2458.4664268768865,1599.8638415741984,1599.8638415741984,1599.8638415741984,85.68031237661671,85.68031237661671,110.15481603664782,110.15481603664782,110.15481603664782,85.68031237661671,1599.8638415741984,2458.4664268768865,2458.4664268768865,361.19086193231834,364.47908473986104,85.68031237661671,180.23000162139127,180.23000162139127,180.23000162139127,2458.4664268768865,605.7096461062962,85.68031237661671,85.68031237661671,4388.918105180255,131.66256149334146,131.66256149334146,7360.1253864955015,85.68031237661671,1599.8638415741984,268.7017056571264,1599.8638415741984,1599.8638415741984,1599.8638415741984,11310.100703631826,2458.4664268768865,605.7096461062962,11310.100703631826,11310.100703631826,2458.4664268768865,394.16969485696984,2056.8634994891395,6744.328818182968,242.26652924473896,11310.100703631826,2458.4664268768865,131.66256149334146,131.66256149334146,1599.8638415741984,2458.4664268768865,131.66256149334146,131.66256149334146,7360.1253864955015,506.76391133280833,2458.4664268768865,605.7096461062962,131.66256149334146,131.66256149334146,1599.8638415741984,2458.4664268768865,1599.8638415741984,131.66256149334146,1599.8638415741984,85.68031237661671,235.0474237090212,1599.8638415741984,2458.4664268768865,2458.4664268768865,2458.4664268768865,11310.100703631826,605.7096461062962,11310.100703631826,2458.4664268768865,2458.4664268768865,2458.4664268768865,131.66256149334146,6744.328818182968,88.31184607998455,1599.8638415741984,85.68031237661671,1599.8638415741984,506.76391133280833,131.66256149334146,82.7494465952413,1676.7750446818777,2458.4664268768865,85.68031237661671,85.68031237661671,11310.100703631826,2458.4664268768865,2458.4664268768865,1599.8638415741984,2056.8634994891395,4388.918105180255,2056.8634994891395,1599.8638415741984,2458.4664268768865,1599.8638415741984,364.47908473986104,85.68031237661671
25,2352.9730844766186,93.46510709562449,13.076828125044713,962.572520361006,919.5310075338431,278.8547553684779,3362.9151138124644,55.468466691970434,65.93566736471361,65.93566736471361,1979.4416949094475,1979.4416949094475,3362.9151138124644,65.93566736471361,79.81703837459874,94.23654430345015,3535.9094344265122,2352.9730844766186,2352.9730844766186,65.93566736471361,65.93566736471361,55.468466691970434,55.468466691970434,554.7192205515067,26.75266566596534,45.450666182396596,278.8547553684779,2352.9730844766186,3362.9151138124644,2352.9730844766186,2352.9730844766186,93.46510709562449,278.8547553684779,2352.9730844766186,65.93566736471361,1314.211685316663,2352.9730844766186,55.468466691970434,2352.9730844766186,65.93566736471361,1979.4416949094475,1979.4416949094475,1979.4416949094475,1979.4416949094475,2352.9730844766186,25.767354095245672,25.767354095245672,3362.9151138124644,2352.9730844766186,2352.9730844766186,2352.9730844766186,65.93566736471361,65.93566736471361,55.468466691970434,55.468466691970434,55.468466691970434,65.93566736471361,2352.9730844766186,3362.9151138124644,3362.9151138124644,22.216498245709897,278.8547553684779,65.93566736471361,98.27311804919165,98.27311804919165,98.27311804919165,3362.9151138124644,36.8272060150377,65.93566736471361,65.93566736471361,554.7192205515067,94.23654430345015,94.23654430345015,919.5310075338431,65.93566736471361,2352.9730844766186,99.08423935582671,2352.9730844766186,2352.9730844766186,2352.9730844766186,1314.211685316663,3362.9151138124644,36.8272060150377,1314.211685316663,1314.211685316663,3362.9151138124644,25.767354095245672,1979.4416949094475,792.8155502594185,22.03463001718969,1314.211685316663,3362.9151138124644,94.23654430345015,94.23654430345015,2352.9730844766186,3362.9151138124644,94.23654430345015,94.23654430345015,919.5310075338431,21.676820444790696,3362.9151138124644,36.8272060150377,94.23654430345015,94.23654430345015,2352.9730844766186,3362.9151138124644,2352.9730844766186,94.23654430345015,2352.9730844766186,65.93566736471361,15.544496555613195,2352.9730844766186,3362.9151138124644,3362.9151138124644,3362.9151138124644,1314.211685316663,36.8272060150377,1314.211685316663,3362.9151138124644,3362.9151138124644,3362.9151138124644,94.23654430345015,792.8155502594185,93.46510709562449,2352.9730844766186,65.93566736471361,2352.9730844766186,21.676820444790696,94.23654430345015,18.87287052124999,108.97514971643433,3362.9151138124644,65.93566736471361,65.93566736471361,1314.211685316663,3362.9151138124644,3362.9151138124644,2352.9730844766186,1979.4416949094475,554.7192205515067,1979.4416949094475,2352.9730844766186,3362.9151138124644,2352.9730844766186,278.8547553684779,65.93566736471361
26,1673.8157919024213,236.0175429803295,1098.206031075069,3762.632358512336,1279.01625473755,345.631110329167,3708.968928700104,179.94386778211057,109.8651532146618,109.8651532146618,2741.4778820833876,2741.4778820833876,3708.968928700104,109.8651532146618,350.6318938856292,243.44760133784916,7735.153725058769,1673.8157919024213,1673.8157919024213,109.8651532146618,109.8651532146618,179.94386778211057,179.94386778211057,10215.377829945026,239.43237634659852,323.9301145553987,345.631110329167,1673.8157919024213,3708.968928700104,1673.8157919024213,1673.8157919024213,236.0175429803295,345.631110329167,1673.8157919024213,109.8651532146618,2834.141947443463,1673.8157919024213,179.94386778211057,1673.8157919024213,109.8651532146618,2741.4778820833876,2741.4778820833876,2741.4778820833876,2741.4778820833876,1673.8157919024213,83.95148227815008,83.95148227815008,3708.968928700104,1673.8157919024213,1673.8157919024213,1673.8157919024213,109.8651532146618,109.8651532146618,179.94386778211057,179.94386778211057,179.94386778211057,109.8651532146618,1673.8157919024213,3708.968928700104,3708.968928700104,1485.772354097218,345.631110329167,109.8651532146618,492.2208872219778,492.2208872219778,492.2208872219778,3708.968928700104,186.02610920170375,109.8651532146618,109.8651532146618,10215.377829945026,243.44760133784916,243.44760133784916,1279.01625473755,109.8651532146618,1673.8157919024213,507.7164722986947,1673.8157919024213,1673.8157919024213,1673.8157919024213,2834.141947443463,3708.968928700104,186.02610920170375,2834.141947443463,2834.141947443463,3708.968928700104,83.95148227815008,2741.4778820833876,22636.01475711659,1440.4263525910806,2834.141947443463,3708.968928700104,243.44760133784916,243.44760133784916,1673.8157919024213,3708.968928700104,243.44760133784916,243.44760133784916,1279.01625473755,137.50087252557188,3708.968928700104,186.02610920170375,243.44760133784916,243.44760133784916,1673.8157919024213,3708.968928700104,1673.8157919024213,243.44760133784916,1673.8157919024213,109.8651532146618,670.5122844832125,1673.8157919024213,3708.968928700104,3708.968928700104,3708.968928700104,2834.141947443463,186.02610920170375,2834.141947443463,3708.968928700104,3708.968928700104,3708.968928700104,243.44760133784916,22636.01475711659,236.0175429803295,1673.8157919024213,109.8651532146618,1673.8157919024213,137.50087252557188,243.44760133784916,111.45474348939386,264.10780110489213,3708.968928700104,109.8651532146618,109.8651532146618,2834.141947443463,3708.968928700104,3708.968928700104,1673.8157919024213,2741.4778820833876,10215.377829945026,2741.4778820833876,1673.8157919024213,3708.968928700104,1673.8157919024213,345.631110329167,109.8651532146618
27,2228.1216182709086,7.835861959015589,69.24693033530487,687.2507326155865,1566.432251129577,377.7321665845084,2897.057324505559,83.82599258504044,83.90419730440476,83.90419730440476,2226.044849390869,2226.044849390869,2897.057324505559,83.90419730440476,89.60703194300153,109.09425561164804,3310.511127059275,2228.1216182709086,2228.1216182709086,83.90419730440476,83.90419730440476,83.82599258504044,83.82599258504044,1840.6054938444836,1.8588523694218448,2.419179412976187,377.7321665845084,2228.1216182709086,2897.057324505559,2228.1216182709086,2228.1216182709086,7.835861959015589,377.7321665845084,2228.1216182709086,83.90419730440476,2036.7128927182769,2228.1216182709086,83.82599258504044,2228.1216182709086,83.90419730440476,2226.044849390869,2226.044849390869,2226.044849390869,2226.044849390869,2228.1216182709086,58.98701380795941,58.98701380795941,2897.057324505559,2228.1216182709086,2228.1216182709086,2228.1216182709086,83.90419730440476,83.90419730440476,83.82599258504044,83.82599258504044,83.82599258504044,83.90419730440476,2228.1216182709086,2897.057324505559,2897.057324505559,90.12052330496235,377.7321665845084,83.90419730440476,8.954157719281202,8.954157719281202,8.954157719281202,2897.057324505559,76.6963342583042,83.90419730440476,83.90419730440476,1840.6054938444836,109.09425561164804,109.09425561164804,1566.432251129577,83.90419730440476,2228.1216182709086,124.66365233634046,2228.1216182709086,2228.1216182709086,2228.1216182709086,2036.7128927182769,2897.057324505559,76.6963342583042,2036.7128927182769,2036.7128927182769,2897.057324505559,58.98701380795941,2226.044849390869,2393.1995380060957,6.473044582711592,2036.7128927182769,2897.057324505559,109.09425561164804,109.09425561164804,2228.1216182709086,2897.057324505559,109.09425561164804,109.09425561164804,1566.432251129577,58.93203368766511,2897.057324505559,76.6963342583042,109.09425561164804,109.09425561164804,2228.1216182709086,2897.057324505559,2228.1216182709086,109.09425561164804,2228.1216182709086,83.90419730440476,69.31153364731719,2228.1216182709086,2897.057324505559,2897.057324505559,2897.057324505559,2036.7128927182769,76.6963342583042,2036.7128927182769,2897.057324505559,2897.057324505559,2897.057324505559,109.09425561164804,2393.1995380060957,7.835861959015589,2228.1216182709086,83.90419730440476,2228.1216182709086,58.93203368766511,109.09425561164804,19.904066301765802,265.5563516708729,2897.057324505559,83.90419730440476,83.90419730440476,2036.7128927182769,2897.057324505559,2897.057324505559,2228.1216182709086,2226.044849390869,1840.6054938444836,2226.044849390869,2228.1216182709086,2897.057324505559,2228.1216182709086,377.7321665845084,83.90419730440476
28,865.034908895687,451.99868259728436,378.9797612603178,2459.6787175096106,3337.124163928465,248.9966099426171,2914.0890523523885,195.096857080702,70.3519901644406,70.3519901644406,2398.8744539588365,2398.8744539588365,2914.0890523523885,70.3519901644406,210.16916477329258,236.99848669820713,4108.842814676231,865.034908895687,865.034908895687,70.3519901644406,70.3519901644406,195.096857080702,195.096857080702,1680.3485620453673,381.51597976370977,463.45549184209176,248.9966099426171,865.034908895687,2914.0890523523885,865.034908895687,865.034908895687,451.99868259728436,248.9966099426171,865.034908895687,70.3519901644406,11241.947454882702,865.034908895687,195.096857080702,865.034908895687,70.3519901644406,2398.8744539588365,2398.8744539588365,2398.8744539588365,2398.8744539588365,865.034908895687,271.4032970737871,271.4032970737871,2914.0890523523885,865.034908895687,865.034908895687,865.034908895687,70.3519901644406,70.3519901644406,195.096857080702,195.096857080702,195.096857080702,70.3519901644406,865.034908895687,2914.0890523523885,2914.0890523523885,460.37456088177794,248.9966099426171,70.3519901644406,637.3146138872327,637.3146138872327,637.3146138872327,2914.0890523523885,914.2907050823293,70.3519901644406,70.3519901644406,1680.3485620453673,236.99848669820713,236.99848669820713,3337.124163928465,70.3519901644406,865.034908895687,334.1660160910252,865.034908895687,865.034908895687,865.034908895687,11241.947454882702,2914.0890523523885,914.2907050823293,11241.947454882702,11241.947454882702,2914.0890523523885,271.4032970737871,2398.8744539588365,5660.679469044374,878.0169777406475,11241.947454882702,2914.0890523523885,236.99848669820713,236.99848669820713,865.034908895687,2914.0890523523885,236.99848669820713,236.99848669820713,3337.124163928465,752.6429620067729,2914.0890523523885,914.2907050823293,236.99848669820713,236.99848669820713,865.034908895687,2914.0890523523885,865.034908895687,236.99848669820713,865.034908895687,70.3519901644406,136.66022526277385,865.034908895687,2914.0890523523885,2914.0890523523885,2914.0890523523885,11241.947454882702,914.2907050823293,11241.947454882702,2914.0890523523885,2914.0890523523885,2914.0890523523885,236.99848669820713,5660.679469044374,451.99868259728436,865.034908895687,70.3519901644406,865.034908895687,752.6429620067729,236.99848669820713,59.3816077110723,960.5769608032999,2914.0890523523885,70.3519901644406,70.3519901644406,11241.947454882702,2914.0890523523885,2914.0890523523885,865.034908895687,2398.8744539588365,1680.3485620453673,2398.8744539588365,865.034908895687,2914.0890523523885,865.034908895687,248.9966099426171,70.3519901644406
29,1611.5453813984448,103.00758598375126,646.2661716780168,3741.8955560879335,2942.660829124718,400.2422187231776,3020.152612993264,153.0102264908491,104.81122896062372,104.81122896062372,2352.6384172128733,2352.6384172128733,3020.152612993264,104.81122896062372,495.8903643331791,196.423824404979,6049.674953170204,1611.5453813984448,1611.5453813984448,104.81122896062372,104.81122896062372,153.0102264908491,153.0102264908491,6806.651346170311,127.62389111652625,163.8346230410419,400.2422187231776,1611.5453813984448,3020.152612993264,1611.5453813984448,1611.5453813984448,103.00758598375126,400.2422187231776,1611.5453813984448,104.81122896062372,5514.759245887235,1611.5453813984448,153.0102264908491,1611.5453813984448,104.81122896062372,2352.6384172128733,2352.6384172128733,2352.6384172128733,2352.6384172128733,1611.5453813984448,191.38393586360553,191.38393586360553,3020.152612993264,1611.5453813984448,1611.5453813984448,1611.5453813984448,104.81122896062372,104.81122896062372,153.0102264908491,153.0102264908491,153.0102264908491,104.81122896062372,1611.5453813984448,3020.152612993264,3020.152612993264,829.6312993965315,400.2422187231776,104.81122896062372,206.3347428972511,206.3347428972511,206.3347428972511,3020.152612993264,358.66733922306736,104.81122896062372,104.81122896062372,6806.651346170311,196.423824404979,196.423824404979,2942.660829124718,104.81122896062372,1611.5453813984448,393.4570344546207,1611.5453813984448,1611.5453813984448,1611.5453813984448,5514.759245887235,3020.152612993264,358.66733922306736,5514.759245887235,5514.759245887235,3020.152612993264,191.38393586360553,2352.6384172128733,12756.15696967317,435.07103919942466,5514.759245887235,3020.152612993264,196.423824404979,196.423824404979,1611.5453813984448,3020.152612993264,196.423824404979,196.423824404979,2942.660829124718,279.3946761582382,3020.152612993264,358.66733922306736,196.423824404979,196.423824404979,1611.5453813984448,3020.152612993264,1611.5453813984448,196.423824404979,1611.5453813984448,104.81122896062372,442.6890492401262,1611.5453813984448,3020.152612993264,3020.152612993264,3020.152612993264,5514.759245887235,358.66733922306736,5514.759245887235,3020.152612993264,3020.152612993264,3020.152612993264,196.423824404979,12756.15696967317,103.00758598375126,1611.5453813984448,104.81122896062372,1611.5453813984448,279.3946761582382,196.423824404979,129.85856085172196,730.8370665780615,3020.152612993264,104.81122896062372,104.81122896062372,5514.759245887235,3020.152612993264,3020.152612993264,1611.5453813984448,2352.6384172128733,6806.651346170311,2352.6384172128733,1611.5453813984448,3020.152612993264,1611.5453813984448,400.2422187231776,104.81122896062372
30,2079.452683511629,220.62243788038703,229.2332720154642,2742.999955957462,1308.1129779619089,333.6138433788879,5811.517469491306,122.10410815122287,85.33103575996356,85.33103575996356,2975.584593595034,2975.584593595034,5811.517469491306,85.33103575996356,157.46365084491262,238.47756139917107,7831.760198099093,2079.452683511629,2079.452683511629,85.33103575996356,85.33103575996356,122.10410815122287,122.10410815122287,3903.879647131547,104.13241301709468,203.3776282790804,333.6138433788879,2079.452683511629,5811.517469491306,2079.452683511629,2079.452683511629,220.62243788038703,333.6138433788879,2079.452683511629,85.33103575996356,3655.828037720011,2079.452683511629,122.10410815122287,2079.452683511629,85.33103575996356,2975.584593595034,2975.584593595034,2975.584593595034,2975.584593595034,2079.452683511629,53.6788531836367,53.6788531836367,5811.517469491306,2079.452683511629,2079.452683511629,2079.452683511629,85.33103575996356,85.33103575996356,122.10410815122287,122.10410815122287,122.10410815122287,85.33103575996356,2079.452683511629,5811.517469491306,5811.517469491306,447.70804626898416,333.6138433788879,85.33103575996356,297.3168431257333,297.3168431257333,297.3168431257333,5811.517469491306,150.01812519828812,85.33103575996356,85.33103575996356,3903.879647131547,238.47756139917107,238.47756139917107,1308.1129779619089,85.33103575996356,2079.452683511629,321.3788968734262,2079.452683511629,2079.452683511629,2079.452683511629,3655.828037720011,5811.517469491306,150.01812519828812,3655.828037720011,3655.828037720011,5811.517469491306,53.6788531836367,2975.584593595034,10910.305845374462,414.18756568546394,3655.828037720011,5811.517469491306,238.47756139917107,238.47756139917107,2079.452683511629,5811.517469491306,238.47756139917107,238.47756139917107,1308.1129779619089,76.81154267253896,5811.517469491306,150.01812519828812,238.47756139917107,238.47756139917107,2079.452683511629,5811.517469491306,2079.452683511629,238.47756139917107,2079.452683511629,85.33103575996356,160.1970058820591,2079.452683511629,5811.517469491306,5811.517469491306,5811.517469491306,3655.828037720011,150.01812519828812,3655.828037720011,5811.517469491306,5811.517469491306,5811.517469491306,238.47756139917107,10910.305845374462,220.62243788038703,2079.452683511629,85.33103575996356,2079.452683511629,76.81154267253896,238.47756139917107,40.275716034606134,209.8651253822744,5811.517469491306,85.33103575996356,85.33103575996356,3655.828037720011,5811.517469491306,5811.517469491306,2079.452683511629,2975.584593595034,3903.879647131547,2975.584593595034,2079.452683511629,5811.517469491306,2079.452683511629,333.6138433788879,85.33103575996356
